ft_feature,matched_pre_code_feature,decoder_cosine_similarity_to_pre_code,firing_rate,max_activation
1494,100,0.10986895,0.06968,0.62334305
1090,1852,0.11017827,0.01634,0.6201708
3932,6,0.110797234,0.00298,0.5634238
3668,1690,0.11102818,0.00404,0.508663
2092,2762,0.112306714,0.0055,0.68349624
334,3633,0.11272545,0.07828,0.5811721
926,922,0.11347458,0.06188,0.5445892
1413,3418,0.11394507,0.01188,0.5707471
870,3448,0.114138156,0.01058,0.5208411
3027,1755,0.114674546,0.0036,0.9321333
1530,2899,0.11480451,0.00698,0.6311274
3651,3167,0.1149611,0.01294,0.58721346
3328,1450,0.115082815,0.00348,0.7574533
234,2975,0.11584037,0.01002,0.5761037
3160,902,0.11595224,0.0232,0.52646554
1613,3015,0.116059005,0.00414,0.5227849
203,523,0.11610939,0.016,0.8960101
982,2923,0.116603,0.02028,0.5696383
173,3951,0.11674489,0.02588,0.52554953
3942,2787,0.116864204,0.0237,0.59629804
2451,653,0.1171042,0.0069,0.5166215
2958,3694,0.11713216,0.00276,0.5190526
3534,2561,0.1173628,0.05172,1.6415123
2325,2440,0.11746953,0.01536,1.5163836
3049,3901,0.117502406,0.03922,7.669583
4082,2117,0.11755961,0.0157,0.52076715
3247,3240,0.11760307,0.00454,0.5374514
3355,1624,0.11763118,0.01434,3.6697867
420,2206,0.11786237,0.01704,0.5571628
892,3055,0.117887944,0.01018,1.101979
2413,2531,0.11839503,0.03118,0.5534209
289,1198,0.1184602,0.03488,4.78935
1026,1967,0.118491456,0.00274,0.7210172
3592,3589,0.118776955,0.04562,0.5829377
1207,1280,0.11885278,0.02684,0.52161306
2339,1533,0.11901258,0.00292,0.50832385
2910,2735,0.11923215,0.00914,0.5099511
3666,315,0.11925796,0.00294,0.614627
2423,130,0.11926377,0.03142,0.72543555
1080,1547,0.119264446,0.00336,0.66951865
3378,3997,0.119290866,0.01358,0.5592802
2452,3974,0.11940365,0.0046,0.5178012
2759,1619,0.11954639,0.04384,0.60482687
1734,2613,0.11963852,0.0382,0.564175
324,55,0.12014428,0.0293,0.6012248
582,1061,0.12017159,0.0419,0.559629
2766,440,0.12017164,0.00292,0.51583445
2691,2669,0.12027982,0.06876,0.6332581
1308,2316,0.1204409,0.00966,0.6736459
29,2807,0.12076694,0.00294,0.5626658
3640,1287,0.12083296,0.05226,0.7444844
963,1756,0.12084694,0.00262,0.54343843
1969,1416,0.121013924,0.03798,0.59682095
3801,2002,0.12106012,0.00712,0.5143815
1283,3678,0.12113225,0.00442,0.52033126
1785,3988,0.12115355,0.01244,0.64349765
837,3518,0.12130277,0.0111,3.2218738
3957,3034,0.12138167,0.04356,0.6011212
3624,6,0.12141897,0.0074,2.4045346
3059,605,0.1215197,0.01934,3.0124714
424,3732,0.12156853,0.0049,0.610268
3918,3680,0.121836364,0.02278,8.538703
714,247,0.12189399,0.0102,4.295602
1573,2821,0.12194097,0.03724,0.51036537
3874,1890,0.121965185,0.00226,0.5593257
713,2583,0.121980056,0.01264,1.0162958
972,17,0.12198846,0.00278,2.486611
16,1121,0.12202402,0.00476,0.58136153
2348,3526,0.12217462,0.01316,2.958026
280,263,0.122191206,0.00204,0.5998483
3514,2747,0.12231074,0.03196,1.0835081
2299,3446,0.12234776,0.05272,2.719783
2680,3946,0.122521825,0.0041,0.54860336
3958,3884,0.12268191,0.01072,0.7214565
1119,3113,0.12272942,0.02638,0.6201038
1926,2956,0.122873396,0.07598,6.7158594
2030,2235,0.12287879,0.0113,12.39612
1155,3540,0.122892715,0.00782,0.8483138
162,399,0.12292014,0.01396,0.5828696
1115,2735,0.12316573,0.01424,2.6389775
1988,4049,0.12317744,0.00996,0.97141033
3525,1799,0.123305306,0.08086,0.5022697
86,2970,0.123321034,0.01274,1.1390159
3165,944,0.12337463,0.00518,0.74320406
3513,1393,0.12343289,0.01,0.551465
2390,2387,0.12348153,0.00208,0.51698005
3405,3589,0.123499036,0.00628,0.58772945
1195,3084,0.12353,0.0254,2.4111168
3490,2813,0.12367614,0.02098,1.7656931
523,2265,0.12372478,0.00262,0.579601
3002,1591,0.12392771,0.0031,0.51522064
3383,2836,0.12412407,0.0495,0.6070806
3371,3759,0.12413342,0.01432,0.5029258
613,1624,0.124230415,0.01334,1.7862762
899,1275,0.12428606,0.08022,1.4173857
1791,2190,0.12441257,0.05172,0.7071222
3453,147,0.12442537,0.0023,0.5161165
1700,2952,0.124555334,0.0053,0.62015593
1762,742,0.124567844,0.03164,0.63658094
638,176,0.12462938,0.01246,2.238006
2464,42,0.12468471,0.01026,0.67042094
2264,3455,0.124781564,0.01058,0.60520697
799,2062,0.12479954,0.02394,0.5255918
1309,2513,0.12479974,0.05276,3.0373683
3882,885,0.1248589,0.00264,0.5447646
696,2596,0.12496422,0.01104,0.5383054
2665,1690,0.1250211,0.01298,0.93392485
1677,175,0.12507215,0.01604,0.6083059
2219,283,0.12534046,0.00406,0.5744006
2034,3244,0.12542199,0.04548,0.54630697
2236,2221,0.12555602,0.05256,0.5930201
1699,3268,0.12559502,0.00248,0.5555277
4007,3210,0.12564488,0.02388,0.6743117
731,2998,0.12570947,0.01854,4.7728343
2925,1287,0.12571806,0.02202,0.68972236
402,1399,0.12596181,0.03804,2.990294
469,3343,0.1260196,0.0026,0.53874415
2654,2244,0.12623316,0.00378,0.5154907
3607,1003,0.12625085,0.0041,0.58913976
3849,1787,0.12625304,0.01522,0.5399558
2349,2797,0.12628978,0.0077,0.6397402
1100,1865,0.12631921,0.03846,0.5868189
603,3247,0.1263851,0.00304,0.5869298
212,3215,0.12640777,0.01182,0.8922613
380,4057,0.12648515,0.00244,0.61156076
1727,1738,0.12653735,0.01212,5.601411
1320,3754,0.12691149,0.0033,0.5056694
2838,730,0.12698415,0.01622,3.1207998
2620,3870,0.12699923,0.00206,0.6971719
3046,419,0.1270811,0.08082,0.7032383
3427,3857,0.1271286,0.00904,0.58687896
1477,2614,0.12722817,0.03778,0.7465891
1291,1807,0.12732458,0.0042,0.5349305
667,2718,0.12732576,0.0179,3.3720067
669,3829,0.12733187,0.01098,3.1297069
2883,1729,0.12752356,0.01492,0.50126475
3271,2845,0.12756933,0.0042,0.5072723
686,2886,0.12764189,0.03266,0.5414754
267,3994,0.12770438,0.01108,0.9478376
3547,2500,0.12770636,0.00214,0.57672197
2600,1279,0.12787275,0.01504,1.4419897
1579,904,0.12787624,0.00978,1.147821
4072,2435,0.12791371,0.0648,2.7967143
949,3189,0.12793656,0.08286,10.613756
3988,1233,0.12821949,0.01794,3.7797997
2044,2094,0.12830521,0.02244,0.88377225
3176,2430,0.12834264,0.00528,0.56185985
113,911,0.12863187,0.07398,2.031756
1606,151,0.1286817,0.02922,1.4719226
999,2908,0.12890443,0.0027,0.59828347
943,1645,0.1289371,0.00538,0.5844231
1486,2429,0.12896216,0.0345,0.51272476
2720,253,0.12900475,0.00322,0.52646255
509,3797,0.12927619,0.02136,0.6222209
1650,2828,0.12934162,0.00906,0.53949887
3234,2141,0.12950984,0.00586,0.50789386
3936,314,0.12953117,0.02402,9.943416
2110,4020,0.12956388,0.00248,0.72002894
1797,1824,0.12966323,0.03272,4.8117857
3474,1430,0.1297633,0.0045,0.53559047
944,458,0.12992613,0.083,0.56805545
2458,2231,0.12995112,0.00908,0.52376765
345,418,0.13004552,0.01098,0.524665
365,2630,0.13006997,0.01294,0.5414491
1417,4049,0.13013089,0.0114,2.4571836
1434,3027,0.1301685,0.02378,0.5215553
371,1720,0.13023905,0.01952,0.51692504
4020,3437,0.13033947,0.01074,0.7964298
1906,1437,0.13038339,0.00724,0.7038143
288,2932,0.13044824,0.00654,0.564724
1310,1088,0.13051555,0.01196,5.197153
1034,3640,0.13052408,0.0371,0.55766684
2786,136,0.13064253,0.00678,0.7967044
2881,2653,0.13066265,0.02484,0.9650773
3638,2939,0.13070409,0.00272,0.5762235
1050,2733,0.13071316,0.0063,0.50760084
2032,2630,0.13075626,0.02514,1.1643311
3508,2266,0.13096708,0.00212,0.6043795
417,2653,0.13105252,0.0051,0.65594083
893,1807,0.13106704,0.00928,0.6935598
3242,4080,0.13112228,0.00804,1.4404216
2506,2226,0.13132235,0.02896,0.56429493
1055,2641,0.13146342,0.07692,0.6241591
842,1905,0.13150963,0.00376,0.50227046
2480,3107,0.13169208,0.00448,2.2601345
85,3400,0.13180536,0.02886,0.53578305
1218,1468,0.13185455,0.00374,0.52496904
3558,210,0.1318999,0.02192,0.56342363
2863,3022,0.13190661,0.00382,0.8718723
930,2272,0.1319158,0.09062,4.750338
2064,3160,0.13191622,0.03994,0.5590227
1733,1306,0.13202828,0.00428,0.63435173
1438,1069,0.13205689,0.00202,0.5444212
2057,3744,0.13206652,0.0038,0.53499174
3749,3332,0.13207057,0.01174,5.199844
2723,2280,0.13210492,0.01804,1.5025349
117,3404,0.13220179,0.0207,0.69719857
2245,130,0.13220388,0.0156,2.6955404
2154,3785,0.13223156,0.014,3.0571415
3251,934,0.1322923,0.02752,2.184763
1435,1894,0.13229714,0.0359,8.09529
3283,1496,0.13235937,0.04342,0.8656107
1850,1534,0.13237104,0.03828,3.7566478
364,2272,0.13257328,0.03828,0.8735211
2988,231,0.13257699,0.01414,8.080671
376,773,0.13280529,0.009,0.53472775
379,138,0.132935,0.01652,1.2088779
1768,3491,0.13303323,0.0073,1.1300443
74,3446,0.1331027,0.07098,0.8637359
326,2849,0.13313693,0.04622,0.51761186
2028,545,0.13329008,0.00294,0.60632765
3664,2480,0.1333287,0.0252,0.6728773
2421,3162,0.13333963,0.00274,0.53072757
3901,3705,0.13335535,0.01884,1.3880868
2632,620,0.13343962,0.0063,0.5261321
2890,3696,0.13346598,0.02454,0.5101756
1936,2614,0.13349174,0.01366,0.623615
2017,2919,0.1334933,0.01106,4.2512813
2763,2122,0.1335373,0.0142,1.8769329
1880,1874,0.13359015,0.0028,0.61644936
3893,1412,0.13359778,0.0024,0.8374244
3824,2276,0.13371964,0.0162,7.0768194
3085,744,0.1337327,0.01542,3.8209085
2243,2615,0.13377935,0.01606,7.3455477
2280,2580,0.13394144,0.02952,5.371897
1626,281,0.13403876,0.00276,0.92881083
1297,2775,0.13403907,0.00864,0.5862505
2387,2798,0.13408838,0.0107,0.5246517
1813,2764,0.13411595,0.01778,0.79622906
3109,342,0.13413356,0.00362,0.87104195
4033,1010,0.13419697,0.0079,0.6927174
3842,3282,0.13419959,0.00242,0.5944879
2087,1417,0.13420483,0.024,0.57620054
10,1045,0.13434759,0.0399,0.50681555
2091,1776,0.13434944,0.01528,1.0180577
1048,2885,0.13438669,0.02906,0.5514552
889,3012,0.13455072,0.01328,0.507286
3058,666,0.13464132,0.00846,0.5774764
293,157,0.13464563,0.01374,0.60530853
547,269,0.13471612,0.02076,2.3946776
1893,363,0.13491872,0.00368,0.61713696
1844,1474,0.13500917,0.00474,0.70149267
3495,1640,0.13512486,0.01242,0.5831384
2758,1917,0.13519293,0.0223,1.2844121
3300,3846,0.13527171,0.00912,0.512759
1509,3858,0.13534513,0.02412,0.5237167
830,307,0.13561319,0.00562,0.72272915
3127,433,0.13561995,0.01152,0.50603867
959,2516,0.13580519,0.02254,0.58029175
412,1701,0.13591948,0.0401,0.59277403
2721,2732,0.13605325,0.0285,0.5388478
58,3049,0.13610369,0.0119,0.56567144
2378,3278,0.13614768,0.01002,1.073495
3720,1474,0.13616723,0.0343,0.5783679
2943,3219,0.13626394,0.00356,0.5493952
373,1279,0.13626811,0.06158,0.6439294
2558,897,0.13628006,0.00654,0.5054954
606,1240,0.13628113,0.00394,0.71770185
1242,677,0.136377,0.00786,0.533359
3713,3156,0.13658193,0.00752,0.69764984
385,2495,0.13661288,0.01976,0.67252463
1535,945,0.13668649,0.0058,0.5446048
1563,1822,0.13673514,0.01984,4.468096
2105,1223,0.13707885,0.05926,0.6002005
1313,2566,0.13719416,0.02786,0.5100471
3034,2653,0.1372313,0.07786,0.6662228
3466,2481,0.13735159,0.0373,0.5924075
1201,1407,0.13736166,0.0025,0.5070159
1861,2290,0.13742939,0.0233,1.5674541
1088,1203,0.13767923,0.00566,0.5003176
797,2010,0.1377255,0.0031,0.5156509
595,213,0.13785447,0.03656,0.5472917
678,1219,0.13804984,0.019,0.5275771
3781,2092,0.13807663,0.07838,0.56793624
3183,279,0.1381464,0.02688,0.5773518
90,977,0.138313,0.01184,0.83810484
3907,3679,0.13832945,0.07042,0.6253253
1042,3448,0.13841704,0.01342,1.1584413
3861,2714,0.13850896,0.0175,0.5536772
1592,2955,0.13866907,0.02176,0.6787138
1565,198,0.1387459,0.02162,0.5030228
1402,1885,0.1389476,0.0529,0.55636173
3993,1324,0.1390628,0.0029,0.5018912
2554,3322,0.13910449,0.03698,0.6488027
1377,1769,0.13928528,0.07072,1.8777282
3908,911,0.13933313,0.01512,9.021183
1721,2842,0.13953006,0.0751,0.6863283
531,877,0.13953018,0.03016,0.51925385
2549,1727,0.13976902,0.01174,0.53692764
824,3107,0.13984093,0.05938,0.81947726
2965,2099,0.13999912,0.01384,2.3359513
2175,3846,0.14006922,0.02248,0.6144751
3771,3252,0.14013143,0.01132,0.59523517
1977,2503,0.14021401,0.02814,0.5248397
3501,2328,0.14030997,0.00562,0.5108538
1569,3098,0.14034802,0.0198,3.4935663
3716,1760,0.14036538,0.00422,0.81475776
3837,1730,0.14038126,0.03074,0.6501094
299,3838,0.1404289,0.01598,0.7660156
2196,3014,0.14057443,0.00926,0.814752
693,283,0.14067991,0.06212,0.5091384
3486,3448,0.1407126,0.03514,1.1587352
760,3689,0.14073755,0.03708,0.55707043
2228,929,0.14081822,0.04098,4.659857
1287,3471,0.14084885,0.03146,0.5298726
248,171,0.14089555,0.02012,0.5483819
637,2083,0.14094247,0.00886,0.9982125
2512,1322,0.1411477,0.0046,1.1500971
2698,2409,0.14118934,0.06392,0.6359211
3697,2329,0.14121802,0.00504,0.51336294
3318,338,0.14150864,0.04996,0.6572643
431,948,0.14155906,0.01282,3.7849402
1187,1616,0.14177446,0.00258,0.55629766
2998,2297,0.14179195,0.07278,0.583773
1973,4042,0.14220038,0.01844,1.0231652
406,2958,0.14223301,0.00496,0.5443896
526,542,0.14237009,0.02104,0.738047
3618,1769,0.14240238,0.01316,1.0485834
2244,354,0.14240567,0.00686,0.55686074
3518,927,0.14241733,0.01666,11.829592
2125,1731,0.14250523,0.01754,3.4429803
1827,3264,0.14284405,0.0038,0.51312196
1023,721,0.14309438,0.01676,5.553089
640,626,0.14353526,0.0023,0.6667768
2437,235,0.14354852,0.00274,0.64591616
895,751,0.14354913,0.03672,0.5020698
504,2879,0.14364243,0.00508,0.5103747
4059,3004,0.14369673,0.01476,7.856448
3566,3693,0.14432912,0.00744,0.5086606
282,296,0.14434329,0.01246,1.0365416
1190,3887,0.14496094,0.0245,3.46566
3966,611,0.14497513,0.00408,0.53907675
499,2871,0.14529479,0.02702,0.62233716
1675,2203,0.1453106,0.00342,0.73664993
143,2204,0.14539716,0.01842,5.5610495
278,4072,0.14552985,0.00982,0.6617245
395,2292,0.14586915,0.03976,4.47544
2202,2358,0.14590752,0.01152,3.7338624
3293,4073,0.1459567,0.06262,0.6157587
2075,3470,0.14600508,0.01638,1.5299022
1688,3990,0.14619201,0.01782,6.7775164
3828,1810,0.14630906,0.00314,0.7065871
3021,2388,0.14649478,0.00238,0.5145805
2353,1105,0.1467082,0.00496,0.59184885
2323,3685,0.14678088,0.00306,0.55754673
1831,2295,0.14687076,0.01376,0.57402414
3365,1921,0.14701894,0.00552,0.7262374
75,3217,0.14805129,0.00672,0.8674173
574,1240,0.14814016,0.00324,0.5424349
2944,521,0.14828879,0.02784,0.5801156
3360,3368,0.14848533,0.0164,0.5564697
37,3183,0.14867154,0.04302,0.62793255
3483,2913,0.14889708,0.00226,0.6987869
3767,2006,0.14889833,0.00964,0.84091365
945,67,0.14907455,0.0709,0.5244187
956,1453,0.14908539,0.0182,0.7981952
142,88,0.14960936,0.04972,0.58076924
3622,3012,0.15021478,0.02546,0.5253074
2700,3564,0.15032226,0.05796,0.66433465
3570,3435,0.15038708,0.02414,0.62535405
1496,1026,0.15039119,0.06294,0.8375306
3863,1421,0.15201077,0.0059,0.6266894
3735,1734,0.15204206,0.0371,0.8619722
1171,1530,0.15230602,0.01546,0.76947963
3071,2335,0.15238848,0.01328,2.4512036
2499,2853,0.15262339,0.01218,3.3032377
795,2589,0.15279308,0.0078,0.5908148
2791,1432,0.15380669,0.00738,0.56942517
291,4090,0.15385441,0.04578,7.1010513
3877,2473,0.15420629,0.00266,0.514915
213,31,0.1549143,0.0071,0.8439337
3276,3882,0.15498966,0.03748,1.1604
1099,790,0.15504476,0.03108,2.0787208
1156,1878,0.15523213,0.02934,0.65460587
2935,1127,0.15540287,0.03218,0.5704842
1867,3189,0.15585631,0.01654,4.1757073
400,1895,0.15637833,0.02306,0.6129204
942,2951,0.15645605,0.00248,3.611854
208,1599,0.1572337,0.01612,0.7091234
1009,808,0.15724328,0.00672,0.7208894
3277,3732,0.15741402,0.0229,0.65499455
2812,3618,0.15745309,0.01128,0.65834695
466,1011,0.15844306,0.0129,0.6450865
3339,3971,0.15891553,0.00688,1.8259722
2221,427,0.15950249,0.021,0.8169755
1904,3050,0.15988365,0.0045,1.376111
3730,1692,0.1606524,0.00456,0.5022673
3268,2919,0.16108048,0.02168,1.270838
3830,2853,0.1617265,0.01078,0.7531572
1472,1379,0.16189297,0.00596,2.2553663
4087,1923,0.16205275,0.066,2.5976987
2424,1741,0.16270328,0.01342,2.293631
554,420,0.1632624,0.05258,0.69259423
3858,768,0.16364962,0.05508,1.3787478
3304,3502,0.16368987,0.02318,0.5156654
2440,2185,0.16479251,0.02434,1.9926398
1045,2348,0.16514215,0.00828,0.78327996
316,2224,0.16529359,0.00822,0.5843028
2332,252,0.16539317,0.01588,0.76222724
1222,420,0.16601783,0.0439,0.70643
1755,2118,0.16623342,0.00322,1.4129808
1518,3271,0.16655391,0.00264,0.6613518
2327,3673,0.16662538,0.06544,0.5798272
2569,1516,0.16828746,0.01184,0.7490467
2647,2093,0.17005473,0.0736,0.5711375
3166,1127,0.1700905,0.00534,1.4708043
3120,2091,0.17127901,0.02508,0.56229883
259,296,0.17150402,0.00416,2.6877341
1655,2006,0.17205825,0.02208,1.4539102
457,1896,0.17210746,0.03694,1.5553364
1406,1481,0.1725491,0.00246,1.0366518
2807,2264,0.1731326,0.00934,2.4840693
1574,1603,0.17333119,0.01436,0.5058655
860,2544,0.17347795,0.00626,0.5719701
1919,841,0.17351422,0.00962,0.7368139
3554,3448,0.17523724,0.01166,0.7500658
1657,488,0.17540784,0.01566,1.070349
3873,2042,0.17555924,0.00472,2.4617865
4088,1701,0.1762385,0.00984,1.7191216
2117,68,0.176429,0.09022,3.086515
2275,844,0.17720771,0.039,1.904906
685,2749,0.1778547,0.01546,0.98506904
1628,1072,0.1781884,0.06494,0.5997408
2132,2853,0.17827225,0.01146,2.359496
1619,1551,0.17856827,0.00574,0.5163461
3590,468,0.17920509,0.00532,1.3677576
3733,3105,0.17927533,0.00792,1.9898775
1833,2636,0.18008342,0.01094,0.9858016
1981,634,0.18124893,0.06442,0.92588687
2915,3463,0.18230107,0.08348,1.6454245
2188,1926,0.18244725,0.01552,0.6814263
987,1949,0.184177,0.02166,1.9078991
876,299,0.18522924,0.0133,0.5171993
2906,916,0.18532419,0.01182,1.2110845
1500,3960,0.18986845,0.08174,1.1170831
1198,2214,0.18995947,0.0151,0.5042112
2690,668,0.19188549,0.00502,3.4497848
2463,1395,0.19193226,0.0047,3.3697736
308,2470,0.19587243,0.015,1.6834325
1948,2429,0.2002472,0.04924,1.1170567
2636,3957,0.20148745,0.019,1.6894888
1169,3404,0.20253971,0.01938,1.0785012
2083,2108,0.20282781,0.06142,1.8774757
120,2822,0.20317432,0.01092,3.4655392
381,2544,0.20393836,0.0979,1.632037
1492,4010,0.20618176,0.0025,2.1170375
997,4094,0.20671491,0.00836,0.8440457
298,1379,0.2088563,0.00368,1.2508068
413,3448,0.21034345,0.02768,0.6469158
3583,1680,0.21162847,0.05114,1.1237193
1529,2955,0.21181037,0.0213,1.0563314
2134,3518,0.21408755,0.0299,1.6323217
1263,1701,0.2143097,0.02386,0.6747791
1459,3673,0.21885823,0.02258,2.146399
2808,1288,0.22137326,0.01732,2.4922588
2321,1621,0.2233299,0.02182,1.0954553
3292,1975,0.22377098,0.0235,3.8643918
2255,3677,0.2243796,0.01648,3.5384755
1089,3942,0.22561072,0.02116,1.3690504
1339,3182,0.22692378,0.00806,3.2805576
1665,2520,0.23142813,0.00816,0.5519334
92,2544,0.2319408,0.0253,1.0786994
1409,263,0.2332454,0.00436,2.0746152
1998,864,0.23398255,0.08208,2.4093435
471,2557,0.23917362,0.01126,2.487233
1534,2496,0.24184501,0.0029,1.013495
1898,2822,0.24229735,0.00248,1.2066833
3237,223,0.2434342,0.09562,0.6267107
767,905,0.24991551,0.01596,1.4327699
2498,3778,0.2536127,0.00202,1.2333112
1957,2496,0.254272,0.02128,0.8858198
3698,1196,0.254556,0.0092,3.8340347
1937,1288,0.25588197,0.00682,1.8719805
1158,4073,0.2577638,0.01394,0.9768491
1330,2977,0.26335993,0.05622,2.7635255
3731,3542,0.26394713,0.03878,0.90280485
1396,3741,0.26822424,0.00282,0.81139994
3751,383,0.2686888,0.02982,2.6925852
3556,2970,0.26953942,0.00486,1.9245715
3805,1734,0.27366394,0.07816,1.3846198
672,838,0.27770925,0.01398,0.8178389
3673,3757,0.27832952,0.02732,1.7903056
2133,683,0.29070637,0.05938,1.8190753
1912,296,0.2925058,0.02734,2.2114484
